{"initial_reset_timestamp": 1601741748.3634748, "timestamps": [1601741753.598732], "episode_lengths": [55], "episode_rewards": [-100.98763153405639], "episode_types": ["t"]}